frame,time_s,X_m,Y_m,Z_m,distance_m,radius_px,cx_px,cy_px,source
1,0.0000,0.7604,-1.2141,7.6495,7.7825,13.3907,732.5682,212.2022,yolo
2,0.0333,0.7586,-1.2102,7.6302,7.7627,13.4247,732.5781,212.3076,yolo
3,0.0667,0.7638,-1.2182,7.6841,7.8174,13.3305,732.5612,212.3674,yolo
4,0.1000,0.7648,-1.2204,7.6977,7.8313,13.3068,732.5148,212.3664,yolo
5,0.1333,0.7658,-1.2220,7.7090,7.8427,13.2874,732.4986,212.3909,yolo
6,0.1667,0.7637,-1.2202,7.6940,7.8275,13.3134,732.4279,212.3123,yolo
7,0.2000,0.7637,-1.2215,7.6980,7.8316,13.3064,732.3887,212.2335,yolo
8,0.2333,0.7642,-1.2240,7.7089,7.8428,13.2876,732.3091,212.1410,yolo
9,0.2667,0.7605,-1.2201,7.6805,7.8140,13.3366,732.2033,212.0690,yolo
10,0.3000,0.7586,-1.2179,7.6658,7.7989,13.3623,732.1549,212.0536,yolo
11,0.3333,0.7571,-1.2162,7.6536,7.7865,13.3836,732.1107,212.0268,yolo
12,0.3667,0.7571,-1.2155,7.6500,7.7829,13.3898,732.1604,212.0465,yolo
13,0.4000,0.7401,-1.1821,7.4718,7.6009,13.7092,732.2325,212.6756,yolo
14,0.4333,0.7485,-1.1940,7.5477,7.6781,13.5714,732.3490,212.6872,yolo
15,0.4667,0.7345,-1.1722,7.4089,7.5369,13.8256,732.3224,212.6648,yolo
16,0.5000,0.7261,-1.1578,7.3204,7.4469,13.9928,732.3621,212.7194,yolo
17,0.5333,0.7177,-1.1448,7.2357,7.3607,14.1566,732.3702,212.6722,yolo
18,0.5667,0.7102,-1.1338,7.1662,7.2900,14.2938,732.2846,212.6642,yolo
19,0.6000,0.7068,-1.1301,7.1393,7.2626,14.3477,732.1877,212.5991,yolo
20,0.6333,0.7069,-1.1304,7.1354,7.2589,14.3556,732.2537,212.4738,yolo
21,0.6667,0.7081,-1.1308,7.1362,7.2598,14.3540,732.4032,212.4411,yolo
22,0.7000,0.7060,-1.1257,7.1070,7.2302,14.4129,732.5008,212.5048,yolo
23,0.7333,0.7008,-1.1174,7.0567,7.1789,14.5157,732.4768,212.5476,yolo
24,0.7667,0.6999,-1.1161,7.0501,7.1721,14.5293,732.4409,212.5813,yolo
25,0.8000,0.6982,-1.1157,7.0459,7.1678,14.5379,732.2771,212.5523,yolo
26,0.8333,0.6999,-1.1191,7.0656,7.1878,14.4974,732.2441,212.5142,yolo
27,0.8667,0.7016,-1.1228,7.0877,7.2103,14.4522,732.1731,212.4823,yolo
28,0.9000,0.7020,-1.1244,7.0951,7.2179,14.4371,732.1399,212.4237,yolo
29,0.9333,0.7073,-1.1283,7.1173,7.2408,14.3921,732.5384,212.3792,yolo
30,0.9667,0.7082,-1.1293,7.1292,7.2527,14.3680,732.5100,212.4989,yolo
31,1.0000,0.7064,-1.1249,7.1048,7.2279,14.4174,732.5919,212.5670,yolo
32,1.0333,0.7021,-1.1178,7.0626,7.1849,14.5036,732.5669,212.6193,yolo
33,1.0667,0.7035,-1.1171,7.0654,7.1877,14.4977,732.7258,212.7658,yolo
34,1.1000,0.7026,-1.1153,7.0552,7.1773,14.5186,732.7405,212.7925,yolo
35,1.1333,0.7006,-1.1114,7.0335,7.1551,14.5636,732.7597,212.8562,yolo
36,1.1667,0.6982,-1.1086,7.0172,7.1384,14.5974,732.6471,212.8873,yolo
37,1.2000,0.6999,-1.1113,7.0333,7.1548,14.5640,732.6730,212.8618,yolo
38,1.2333,0.7024,-1.1150,7.0559,7.1780,14.5172,732.7053,212.8489,yolo
39,1.2667,0.7045,-1.1171,7.0707,7.1930,14.4869,732.7790,212.8727,yolo
40,1.3000,0.7050,-1.1187,7.0813,7.2037,14.4652,732.7136,212.8905,yolo
41,1.3333,0.7046,-1.1176,7.0747,7.1970,14.4787,732.7425,212.8978,yolo
42,1.3667,0.7091,-1.1190,7.0879,7.2107,14.4517,733.1607,212.9849,yolo
43,1.4000,0.7071,-1.1175,7.0743,7.1969,14.4795,733.0772,212.8969,yolo
44,1.4333,0.7042,-1.1144,7.0500,7.1722,14.5294,733.0138,212.8083,yolo
45,1.4667,0.7006,-1.1115,7.0240,7.1458,14.5832,732.8815,212.6451,yolo
46,1.5000,0.7055,-1.1189,7.0574,7.1803,14.5143,733.0888,212.3580,yolo
47,1.5333,0.7059,-1.1202,7.0556,7.1788,14.5179,733.1628,212.1525,yolo
48,1.5667,0.7021,-1.1163,7.0257,7.1484,14.5798,733.0629,212.0354,yolo
49,1.6000,0.7081,-1.1298,7.1073,7.2313,14.4122,732.7731,211.9796,yolo
50,1.6333,0.7095,-1.1327,7.1235,7.2478,14.3795,732.7421,211.9354,yolo
51,1.6667,0.7179,-1.1444,7.1970,7.3227,14.2326,732.8915,211.9267,yolo
52,1.7000,0.7155,-1.1348,7.1422,7.2671,14.3420,733.2885,212.0486,yolo
53,1.7333,0.7216,-1.1367,7.1611,7.2866,14.3040,733.8370,212.1925,yolo
54,1.7667,0.7231,-1.1324,7.1391,7.2645,14.3480,734.3174,212.2961,yolo
55,1.8000,0.7282,-1.1400,7.1923,7.3184,14.2419,734.2831,212.3959,yolo
56,1.8333,0.7270,-1.1397,7.1962,7.3220,14.2344,734.0757,212.5180,yolo
57,1.8667,0.7241,-1.1348,7.1703,7.2956,14.2856,734.0384,212.6272,yolo
58,1.9000,0.7220,-1.1309,7.1450,7.2699,14.3363,734.1026,212.6072,yolo
59,1.9333,0.7234,-1.1309,7.1460,7.2710,14.3343,734.2684,212.6366,yolo
60,1.9667,0.7256,-1.1321,7.1550,7.2803,14.3162,734.4302,212.6612,yolo
61,2.0000,0.7237,-1.1288,7.1371,7.2620,14.3521,734.4294,212.7150,yolo
62,2.0333,0.7220,-1.1242,7.1101,7.2345,14.4067,734.5624,212.7671,yolo
63,2.0667,0.7188,-1.1169,7.0649,7.1887,14.4987,734.7389,212.7861,yolo
64,2.1000,0.7188,-1.1165,7.0621,7.1859,14.5045,734.7858,212.7859,yolo
65,2.1333,0.7176,-1.1130,7.0414,7.1649,14.5472,734.9009,212.8049,yolo
66,2.1667,0.7137,-1.1072,7.0049,7.1277,14.6230,734.8804,212.8162,yolo
67,2.2000,0.7128,-1.1059,6.9955,7.1181,14.6427,734.8790,212.7875,yolo
68,2.2333,0.7146,-1.1084,7.0115,7.1345,14.6092,734.9039,212.7988,yolo
69,2.2667,0.7160,-1.1111,7.0292,7.1524,14.5725,734.8528,212.8007,yolo
70,2.3000,0.7177,-1.1128,7.0320,7.1556,14.5667,735.0376,212.6384,yolo
71,2.3333,0.7160,-1.1101,7.0154,7.1387,14.6011,735.0354,212.6430,yolo
72,2.3667,0.7153,-1.1071,7.0029,7.1258,14.6273,735.1152,212.7791,yolo
73,2.4000,0.7196,-1.1146,7.0501,7.1738,14.5293,735.0425,212.7725,yolo
74,2.4333,0.7218,-1.1183,7.0720,7.1962,14.4842,735.0391,212.7438,yolo
75,2.4667,0.7229,-1.1230,7.1017,7.2262,14.4238,734.7885,212.7499,yolo
76,2.5000,0.7206,-1.1229,7.0974,7.2217,14.4324,734.5469,212.6739,yolo
77,2.5333,0.7173,-1.1208,7.0827,7.2066,14.4623,734.3101,212.6469,yolo
78,2.5667,0.7145,-1.1170,7.0579,7.1814,14.5132,734.2722,212.6247,yolo
79,2.6000,0.7132,-1.1150,7.0478,7.1710,14.5339,734.2312,212.6849,yolo
80,2.6333,0.7117,-1.1128,7.0368,7.1597,14.5567,734.1802,212.7329,yolo
81,2.6667,0.7132,-1.1153,7.0531,7.1762,14.5231,734.1577,212.7542,yolo
82,2.7000,0.7131,-1.1154,7.0603,7.1833,14.5083,734.0467,212.8873,yolo
83,2.7333,0.7167,-1.1193,7.0867,7.2103,14.4542,734.1821,212.9176,yolo
84,2.7667,0.7126,-1.1121,7.0394,7.1623,14.5512,734.2637,212.8916,yolo
85,2.8000,0.7126,-1.1119,7.0345,7.1574,14.5616,734.3373,212.8087,yolo
86,2.8333,0.7102,-1.1109,7.0230,7.1457,14.5853,734.1630,212.7071,yolo
87,2.8667,0.7079,-1.1074,6.9908,7.1133,14.6526,734.2997,212.4838,yolo
88,2.9000,0.7068,-1.1055,6.9688,7.0912,14.6988,734.4484,212.2724,yolo
89,2.9333,0.7086,-1.1068,6.9698,7.0926,14.6966,734.6695,212.1310,yolo
90,2.9667,0.7114,-1.1120,6.9995,7.1229,14.6342,734.6370,212.0639,yolo
91,3.0000,0.7152,-1.1213,7.0501,7.1744,14.5293,734.4652,211.8931,yolo
92,3.0333,0.7155,-1.1247,7.0729,7.1975,14.4823,734.2023,211.9253,yolo
93,3.0667,0.7165,-1.1275,7.0966,7.2213,14.4339,734.0171,212.0522,yolo
94,3.1000,0.7173,-1.1303,7.1247,7.2494,14.3771,733.7550,212.2660,yolo
95,3.1333,0.7138,-1.1211,7.0891,7.2126,14.4493,733.7602,212.7403,yolo
96,3.1667,0.7106,-1.1057,7.0203,7.1423,14.5909,734.2509,213.3306,yolo
97,3.2000,0.7150,-1.0962,7.0095,7.1306,14.6135,734.9831,214.3707,yolo
98,3.2333,0.7279,-1.0952,7.0710,7.1923,14.4863,735.8542,215.7719,yolo
99,3.2667,0.7309,-1.0717,6.9990,7.1182,14.6352,737.2431,217.4073,yolo
100,3.3000,0.7528,-1.0836,7.1235,7.2446,14.3796,738.4049,218.3513,yolo
101,3.3333,0.7735,-1.0753,7.1061,7.2285,14.4147,741.3558,219.0923,yolo
102,3.3667,0.8029,-1.0770,7.1289,7.2543,14.3687,744.8793,219.3218,yolo
103,3.4000,0.8291,-1.0689,7.0757,7.2038,14.4767,749.1189,219.3278,yolo
104,3.4333,0.8576,-1.0651,7.0213,7.1532,14.5889,753.7455,218.7383,yolo
105,3.4667,0.8941,-1.0667,7.0026,7.1396,14.6278,758.8924,218.1560,yolo
106,3.5000,0.9289,-1.0670,6.9925,7.1341,14.6490,763.7038,217.8987,yolo
107,3.5333,0.9655,-1.0812,7.0524,7.1999,14.5244,767.4830,217.2447,yolo
108,3.5667,1.0094,-1.0829,7.0420,7.1959,14.5460,773.4811,216.8023,yolo
109,3.6000,1.0419,-1.0709,6.9651,7.1235,14.7066,779.2930,216.8280,yolo
110,3.6333,1.0860,-1.0756,6.9941,7.1592,14.6455,784.5894,216.7938,yolo
111,3.6667,1.1177,-1.0659,6.9419,7.1116,14.7557,789.9260,217.0133,yolo
112,3.7000,1.1523,-1.0628,6.9320,7.1071,14.7767,794.7942,217.2254,yolo
113,3.7333,1.1895,-1.0649,6.9708,7.1513,14.6945,798.9044,217.7431,yolo
114,3.7667,1.2067,-1.0560,6.9562,7.1386,14.7253,801.5326,218.6429,yolo
115,3.8000,1.2294,-1.0441,6.9492,7.1339,14.7402,804.7484,220.0921,yolo
116,3.8333,1.2407,-1.0293,6.9295,7.1146,14.7820,806.7323,221.6782,yolo
117,3.8667,1.2291,-1.0068,6.8339,7.0161,14.9889,807.4778,222.8091,yolo
118,3.9000,1.2087,-1.0103,6.8537,7.0324,14.9456,804.2283,222.7296,yolo
119,3.9333,1.1842,-1.0321,6.9476,7.1230,14.7435,798.7226,221.6708,yolo
120,3.9667,1.1293,-1.0371,6.9341,7.1016,14.7724,791.6628,220.7191,yolo
121,4.0000,1.0891,-1.0480,7.0056,7.1668,14.6215,784.7681,220.6972,yolo
122,4.0333,1.0421,-1.0527,7.0701,7.2236,14.4882,777.2510,221.3513,yolo
123,4.0667,0.9887,-1.0464,7.0599,7.2052,14.5090,770.4040,221.9773,yolo
124,4.1000,0.9349,-1.0465,7.0731,7.2110,14.4819,763.0806,222.2230,yolo
125,4.1333,0.8840,-1.0499,7.0935,7.2251,14.4404,756.0485,222.1717,yolo
126,4.1667,0.8410,-1.0718,7.2508,7.3777,14.1271,748.0028,222.3469,yolo
127,4.2000,0.8034,-1.0464,7.0595,7.1817,14.5099,745.9741,221.9684,yolo
128,4.2333,0.7518,-1.0295,6.9447,7.0607,14.7498,740.8077,221.9580,yolo
129,4.2667,0.7332,-1.0343,6.9512,7.0659,14.7360,738.2255,221.4468,yolo
130,4.3000,0.6866,-1.0238,6.8308,6.9411,14.9958,733.6058,220.4268,yolo
131,4.3333,0.6741,-1.0345,6.9036,7.0132,14.8375,730.9290,220.4550,yolo
132,4.3667,0.6409,-1.0350,6.9505,7.0563,14.7375,725.8605,221.3311,yolo
133,4.4000,0.6178,-1.0146,6.8596,6.9617,14.9328,723.8690,222.2615,yolo
134,4.4333,0.5997,-1.0324,7.0218,7.1225,14.5879,719.5284,223.0916,yolo
135,4.4667,0.5613,-1.0152,6.9274,7.0238,14.7866,715.4560,223.5386,yolo
136,4.5000,0.5250,-1.0183,6.9281,7.0222,14.7851,710.5594,223.1324,yolo
137,4.5333,0.4996,-1.0216,6.9166,7.0095,14.8096,707.2644,222.4625,yolo
138,4.5667,0.4691,-1.0286,6.9524,7.0438,14.7333,702.8266,222.2324,yolo
139,4.6000,0.4414,-1.0373,7.0268,7.1167,14.5774,698.4941,222.5298,yolo
140,4.6333,0.4395,-1.0751,7.2979,7.3898,14.0359,696.0846,222.8127,yolo
141,4.6667,0.4301,-1.1036,7.5041,7.5970,13.6502,693.3709,223.0485,yolo
142,4.7000,0.4180,-1.1030,7.5013,7.5934,13.6554,691.8913,223.0704,yolo
143,4.7333,0.4007,-1.1263,7.6862,7.7786,13.3268,688.5431,223.5419,yolo
144,4.7667,0.3962,-1.1152,7.6413,7.7324,13.4052,688.2881,224.0921,yolo
145,4.8000,0.3915,-1.1295,7.7538,7.8454,13.2107,687.0162,224.3548,yolo
146,4.8333,0.3921,-1.1310,7.7781,7.8697,13.1693,686.9383,224.5990,yolo
147,4.8667,0.3925,-1.1424,7.8522,7.9446,13.0451,686.5522,224.5245,yolo
148,4.9000,0.4002,-1.1592,7.9447,8.0388,12.8932,686.9124,224.1275,yolo
149,4.9333,0.4009,-1.1601,7.9444,8.0387,12.8937,686.9885,224.0197,yolo
150,4.9667,0.4128,-1.1537,7.8875,7.9821,12.9867,688.7323,223.7986,yolo
151,5.0000,0.4242,-1.1425,7.7947,7.8894,13.1414,690.6766,223.5147,yolo
152,5.0333,0.4425,-1.1346,7.7396,7.8348,13.2349,693.2355,223.4865,yolo
153,5.0667,0.4635,-1.1247,7.6646,7.7606,13.3643,696.3070,223.3539,yolo
154,5.1000,0.4900,-1.1144,7.5960,7.6929,13.4851,700.0642,223.3894,yolo
155,5.1333,0.5254,-1.1098,7.5655,7.6645,13.5395,704.6688,223.3936,yolo
156,5.1667,0.5713,-1.1120,7.5877,7.6900,13.4999,710.1088,223.5223,yolo
157,5.2000,0.6269,-1.1248,7.6640,7.7714,13.3654,716.1733,223.3280,yolo
158,5.2333,0.6644,-1.0812,7.3466,7.4554,13.9429,724.2138,222.9546,yolo
159,5.2667,0.7113,-1.0787,7.2793,7.3931,14.0717,730.9961,222.0090,yolo
160,5.3000,0.7158,-1.0178,6.8399,6.9521,14.9758,737.4527,221.4291,yolo
161,5.3333,0.7446,-0.9976,6.6892,6.8040,15.3132,743.6613,221.1237,yolo
162,5.3667,0.7302,-0.9228,6.2575,6.3672,16.3695,748.6590,222.6732,yolo
163,5.4000,0.7823,-0.9109,6.3042,6.4176,16.2482,755.5603,225.4537,yolo
164,5.4333,0.8330,-0.8923,6.3730,6.4888,16.0729,761.7196,229.6125,yolo
165,5.4667,0.8833,-0.8482,6.3356,6.4529,16.1678,769.8204,235.3338,yolo
166,5.5000,0.9348,-0.8110,6.3260,6.4459,16.1924,777.6098,240.6159,yolo
167,5.5333,0.9744,-0.7472,6.1298,6.2516,16.7105,788.0261,246.4838,yolo
168,5.5667,1.0097,-0.6860,5.9228,6.0473,17.2947,798.7509,252.1498,yolo
169,5.6000,1.0601,-0.6395,5.7985,5.9292,17.6652,810.2462,257.3066,yolo
170,5.6333,1.1008,-0.5828,5.6152,5.7517,18.2419,822.5475,263.3468,yolo
171,5.6667,1.1542,-0.5306,5.4666,5.6123,18.7378,836.6060,269.6234,yolo
172,5.7000,1.2047,-0.4771,5.3094,5.4653,19.2925,851.2940,276.3144,yolo
173,5.7333,1.2724,-0.4329,5.2110,5.3815,19.6572,867.3885,282.6435,yolo
174,5.7667,1.3307,-0.3870,5.0945,5.2796,20.1066,883.2269,289.2557,yolo
175,5.8000,1.3772,-0.3373,4.9263,5.1263,20.7930,900.3239,296.2327,yolo
176,5.8333,1.3940,-0.2883,4.7272,4.9368,21.6690,914.6055,303.2128,yolo
177,5.8667,1.4422,-0.2458,4.6341,4.8596,22.1040,929.8034,310.5988,yolo
178,5.9000,1.4251,-0.1967,4.4454,4.6724,23.0425,938.5247,318.7958,yolo
179,5.9333,1.4453,-0.1572,4.3806,4.6155,23.3835,947.2373,326.5751,yolo
180,5.9667,1.4252,-0.1187,4.2996,4.5312,23.8238,948.6653,334.2920,yolo
181,6.0000,1.4067,-0.0773,4.2269,4.4555,24.2335,949.8930,342.9797,yolo
182,6.0333,1.3537,-0.0405,4.1410,4.3569,24.7360,944.4036,350.8923,yolo
183,6.0667,1.2945,-0.0010,4.0409,4.2432,25.3491,938.3087,359.7609,yolo
184,6.1000,1.2336,0.0329,3.9903,4.1767,25.6707,927.8861,367.6857,yolo
185,6.1333,1.1677,0.0672,3.9461,4.1158,25.9581,915.5545,375.8495,yolo
186,6.1667,1.0894,0.1009,3.8647,4.0166,26.5046,902.4872,384.3171,yolo
187,6.2000,1.0040,0.1340,3.7922,3.9251,27.0114,886.5349,392.8955,yolo
188,6.2333,0.9260,0.1692,3.7372,3.8539,27.4088,870.7276,402.1498,yolo
189,6.2667,0.8354,0.2014,3.6403,3.7403,28.1387,853.6966,411.5079,yolo
190,6.3000,0.7694,0.2403,3.6175,3.7063,28.3155,838.0452,421.8600,yolo
191,6.3333,0.6850,0.2726,3.5368,3.6128,28.9620,820.3426,431.7702,yolo
192,6.3667,0.6080,0.3074,3.4392,3.5060,29.7843,804.6225,443.2451,yolo
193,6.4000,0.5388,0.3433,3.3771,3.4370,30.3319,788.5656,454.6565,yolo
194,6.4333,0.4715,0.3829,3.3132,3.3684,30.9163,772.5126,467.6264,yolo
195,6.4667,0.4105,0.4207,3.2465,3.2993,31.5513,757.7484,480.6591,yolo
196,6.5000,0.3510,0.4616,3.1671,3.2197,32.3430,743.2013,495.7138,yolo
197,6.5333,0.2933,0.4944,3.0701,3.1234,33.3650,728.9758,509.9595,yolo
198,6.5667,0.2372,0.5325,2.9796,3.0361,34.3784,714.1391,526.4286,yolo
199,6.6000,0.1888,0.5748,2.8998,2.9622,35.3245,700.6300,544.5959,yolo
200,6.6333,0.1310,0.6127,2.8077,2.8768,36.4828,683.4476,563.2125,yolo
201,6.6667,0.0728,0.6431,2.7056,2.7819,37.8595,665.0482,581.3479,yolo
202,6.7000,0.0243,0.6918,2.6307,2.7203,38.9369,648.6158,604.8722,yolo
203,6.7333,-0.0327,0.7227,2.5073,2.6096,40.8540,627.8430,628.4117,yolo
204,6.7667,-0.0796,0.7532,2.4001,2.5168,42.6779,609.1110,652.2452,yolo
205,6.8000,-0.1331,0.7782,2.3029,2.4345,44.4791,586.1797,674.6761,yolo
206,6.8333,-0.1764,0.7987,2.2209,2.3667,46.1221,566.0436,694.8720,yolo
207,6.8667,-0.2066,0.8208,2.1777,2.3364,47.0367,551.6483,710.9651,kalman
208,6.9000,-0.2357,0.8258,2.1362,2.3024,47.9512,537.2531,720.0000,kalman
209,6.9333,-0.2637,0.8104,2.0962,2.2628,48.8657,522.8578,720.0000,kalman
210,6.9667,-0.2907,0.7955,2.0577,2.2252,49.7803,508.4625,720.0000,kalman
211,7.0000,-0.3167,0.7811,2.0206,2.1893,50.6948,494.0672,720.0000,kalman
212,7.0333,-0.3417,0.7673,1.9848,2.1552,51.6094,479.6719,720.0000,kalman
213,7.0667,-0.3659,0.7539,1.9502,2.1227,52.5239,465.2766,720.0000,kalman
214,7.1000,-0.3893,0.7410,1.9168,2.0916,53.4384,450.8813,720.0000,kalman
215,7.1333,-0.4119,0.7286,1.8846,2.0621,54.3530,436.4861,720.0000,kalman
216,7.1667,-0.4337,0.7165,1.8534,2.0339,55.2675,422.0908,720.0000,kalman
217,7.2000,-0.4548,0.7049,1.8232,2.0069,56.1820,407.6955,720.0000,kalman
218,7.2333,-0.4753,0.6936,1.7940,1.9813,57.0966,393.3002,720.0000,kalman
219,7.2667,-0.4951,0.6826,1.7657,1.9568,58.0111,378.9049,720.0000,kalman
220,7.3000,-0.5143,0.6720,1.7383,1.9334,58.9257,364.5096,720.0000,kalman
221,7.3333,-0.5329,0.6618,1.7118,1.9110,59.8402,350.1143,720.0000,kalman
222,7.3667,-0.5509,0.6518,1.6860,1.8897,60.7547,335.7191,720.0000,kalman
223,7.4000,-0.5684,0.6421,1.6610,1.8693,61.6693,321.3238,720.0000,kalman
224,7.4333,-0.5854,0.6328,1.6367,1.8499,62.5838,306.9285,720.0000,kalman
225,7.4667,-0.6019,0.6236,1.6132,1.8313,63.4983,292.5332,720.0000,kalman
226,7.5000,,,,,,,,none
227,7.5333,,,,,,,,none
228,7.5667,,,,,,,,none
229,7.6000,,,,,,,,none
230,7.6333,,,,,,,,none
231,7.6667,,,,,,,,none
232,7.7000,,,,,,,,none
233,7.7333,,,,,,,,none
234,7.7667,,,,,,,,none
235,7.8000,,,,,,,,none
236,7.8333,,,,,,,,none
237,7.8667,,,,,,,,none
238,7.9000,,,,,,,,none
239,7.9333,,,,,,,,none
240,7.9667,,,,,,,,none
241,8.0000,,,,,,,,none
242,8.0333,,,,,,,,none
243,8.0667,,,,,,,,none
244,8.1000,,,,,,,,none
245,8.1333,,,,,,,,none
246,8.1667,,,,,,,,none
247,8.2000,,,,,,,,none
248,8.2333,,,,,,,,none
249,8.2667,,,,,,,,none
250,8.3000,,,,,,,,none
251,8.3333,,,,,,,,none
252,8.3667,,,,,,,,none
253,8.4000,,,,,,,,none
254,8.4333,,,,,,,,none
255,8.4667,,,,,,,,none
256,8.5000,,,,,,,,none
257,8.5333,,,,,,,,none
258,8.5667,,,,,,,,none
259,8.6000,,,,,,,,none
260,8.6333,,,,,,,,none
261,8.6667,,,,,,,,none
262,8.7000,,,,,,,,none
263,8.7333,,,,,,,,none
264,8.7667,,,,,,,,none
265,8.8000,,,,,,,,none
266,8.8333,,,,,,,,none
267,8.8667,,,,,,,,none
268,8.9000,,,,,,,,none
269,8.9333,,,,,,,,none
270,8.9667,,,,,,,,none
271,9.0000,,,,,,,,none
272,9.0333,,,,,,,,none
273,9.0667,,,,,,,,none
274,9.1000,,,,,,,,none
275,9.1333,,,,,,,,none
276,9.1667,,,,,,,,none
277,9.2000,,,,,,,,none
278,9.2333,,,,,,,,none
279,9.2667,,,,,,,,none
280,9.3000,,,,,,,,none
281,9.3333,,,,,,,,none
282,9.3667,,,,,,,,none
283,9.4000,,,,,,,,none
284,9.4333,,,,,,,,none
285,9.4667,,,,,,,,none
286,9.5000,,,,,,,,none
287,9.5333,,,,,,,,none
288,9.5667,,,,,,,,none
289,9.6000,,,,,,,,none
290,9.6333,,,,,,,,none
291,9.6667,,,,,,,,none
292,9.7000,,,,,,,,none
293,9.7333,,,,,,,,none
294,9.7667,,,,,,,,none
295,9.8000,,,,,,,,none
296,9.8333,,,,,,,,none
297,9.8667,,,,,,,,none
298,9.9000,,,,,,,,none
299,9.9333,,,,,,,,none
300,9.9667,,,,,,,,none
301,10.0000,,,,,,,,none
302,10.0333,,,,,,,,none
303,10.0667,,,,,,,,none
304,10.1000,,,,,,,,none
305,10.1333,,,,,,,,none
306,10.1667,,,,,,,,none
307,10.2000,,,,,,,,none
308,10.2333,,,,,,,,none
309,10.2667,,,,,,,,none
310,10.3000,,,,,,,,none
311,10.3333,,,,,,,,none
312,10.3667,,,,,,,,none
313,10.4000,,,,,,,,none
314,10.4333,,,,,,,,none
315,10.4667,,,,,,,,none
316,10.5000,,,,,,,,none
317,10.5333,,,,,,,,none
318,10.5667,,,,,,,,none
319,10.6000,,,,,,,,none
320,10.6333,,,,,,,,none
321,10.6667,,,,,,,,none
322,10.7000,,,,,,,,none
323,10.7333,,,,,,,,none
324,10.7667,,,,,,,,none
325,10.8000,,,,,,,,none
326,10.8333,,,,,,,,none
327,10.8667,,,,,,,,none
328,10.9000,,,,,,,,none
329,10.9333,,,,,,,,none
330,10.9667,,,,,,,,none
331,11.0000,,,,,,,,none
332,11.0333,,,,,,,,none
333,11.0667,,,,,,,,none
334,11.1000,,,,,,,,none
335,11.1333,,,,,,,,none
336,11.1667,,,,,,,,none
337,11.2000,,,,,,,,none
338,11.2333,,,,,,,,none
339,11.2667,,,,,,,,none
340,11.3000,,,,,,,,none
341,11.3333,,,,,,,,none
342,11.3667,,,,,,,,none
343,11.4000,,,,,,,,none
344,11.4333,,,,,,,,none
345,11.4667,,,,,,,,none
346,11.5000,,,,,,,,none
347,11.5333,,,,,,,,none
348,11.5667,,,,,,,,none
349,11.6000,,,,,,,,none
350,11.6333,,,,,,,,none
351,11.6667,,,,,,,,none
352,11.7000,,,,,,,,none
353,11.7333,,,,,,,,none
354,11.7667,,,,,,,,none
355,11.8000,,,,,,,,none
356,11.8333,,,,,,,,none
357,11.8667,,,,,,,,none
358,11.9000,,,,,,,,none
359,11.9333,,,,,,,,none
360,11.9667,,,,,,,,none
361,12.0000,,,,,,,,none
362,12.0333,,,,,,,,none
363,12.0667,,,,,,,,none
364,12.1000,,,,,,,,none
365,12.1333,,,,,,,,none
366,12.1667,,,,,,,,none
367,12.2000,,,,,,,,none
368,12.2333,,,,,,,,none
369,12.2667,,,,,,,,none
370,12.3000,,,,,,,,none
371,12.3333,,,,,,,,none
372,12.3667,,,,,,,,none
373,12.4000,,,,,,,,none
374,12.4333,,,,,,,,none
375,12.4667,,,,,,,,none
376,12.5000,,,,,,,,none
377,12.5333,,,,,,,,none
378,12.5667,,,,,,,,none
379,12.6000,,,,,,,,none
380,12.6333,,,,,,,,none
381,12.6667,-0.7175,0.8487,2.2954,2.5503,44.6250,348.9119,704.3101,yolo
382,12.7000,-0.6358,0.7715,2.1231,2.3467,48.2469,361.1515,698.4018,yolo
383,12.7333,-0.6189,0.7716,2.1626,2.3780,47.3663,373.5183,692.2658,yolo
384,12.7667,-0.5872,0.7731,2.2220,2.4248,46.0988,393.9293,683.9827,yolo
385,12.8000,-0.5592,0.7620,2.2641,2.4534,45.2428,410.0082,673.4194,yolo
386,12.8333,-0.5232,0.7482,2.3269,2.4996,44.0206,430.6418,659.4267,yolo
387,12.8667,-0.4938,0.7281,2.3794,2.5368,43.0497,446.7514,644.9437,yolo
388,12.9000,-0.4631,0.7111,2.4607,2.6029,41.6276,464.7417,629.0959,yolo
389,12.9333,-0.4286,0.6857,2.5056,2.6329,40.8811,480.6969,614.8335,yolo
390,12.9667,-0.3981,0.6678,2.5895,2.7037,39.5572,496.8414,600.1546,yolo
391,13.0000,-0.3704,0.6498,2.6813,2.7837,38.2020,511.3729,585.6847,yolo
392,13.0333,-0.3437,0.6316,2.7688,2.8606,36.9953,524.4189,572.4073,yolo
393,13.0667,-0.3096,0.6047,2.8121,2.8930,36.4253,537.4675,560.2288,yolo
394,13.1000,-0.2804,0.5846,2.8908,2.9626,35.4346,549.6829,548.3304,yolo
395,13.1333,-0.2493,0.5610,2.9440,3.0074,34.7934,561.1390,537.4612,yolo
396,13.1667,-0.2189,0.5403,3.0119,3.0678,34.0091,572.3321,527.0547,yolo
397,13.2000,-0.1893,0.5179,3.0796,3.1285,33.2620,582.7587,516.5929,yolo
398,13.2333,-0.1582,0.4941,3.1316,3.1743,32.7096,592.9706,506.9175,yolo
399,13.2667,-0.1280,0.4699,3.1808,3.2178,32.2037,602.5180,497.5672,yolo
400,13.3000,-0.0990,0.4470,3.2379,3.2701,31.6351,611.5373,488.5589,yolo
401,13.3333,-0.0706,0.4288,3.3269,3.3552,30.7888,620.2494,480.0163,yolo
402,13.3667,-0.0411,0.4051,3.3793,3.4038,30.3114,628.6642,471.6378,yolo
403,13.4000,-0.0137,0.3843,3.4471,3.4685,29.7158,636.3097,463.8060,yolo
404,13.4333,0.0141,0.3646,3.4965,3.5155,29.2959,643.7492,457.1104,yolo
405,13.4667,0.0447,0.3450,3.5581,3.5750,28.7889,651.7046,450.2834,yolo
406,13.5000,0.0732,0.3211,3.5793,3.5944,28.6179,659.0501,443.5287,yolo
407,13.5333,0.1021,0.3021,3.6593,3.6731,27.9927,665.9814,436.8661,yolo
408,13.5667,0.1296,0.2815,3.7037,3.7167,27.6567,672.5866,430.7739,yolo
409,13.6000,0.1617,0.2620,3.7734,3.7860,27.1458,679.8992,424.6643,yolo
410,13.6333,0.1890,0.2428,3.8221,3.8345,26.7999,686.0382,419.1522,yolo
411,13.6667,0.2175,0.2224,3.8762,3.8887,26.4261,692.2441,413.4356,yolo
412,13.7000,0.2420,0.1991,3.9094,3.9220,26.2015,697.6431,407.4236,yolo
413,13.7333,0.2699,0.1789,3.9407,3.9540,25.9935,703.7819,402.2780,yolo
414,13.7667,0.2978,0.1589,3.9896,4.0039,25.6748,709.5092,397.0917,yolo
415,13.8000,0.3242,0.1400,4.0186,4.0341,25.4895,715.1146,392.4480,yolo
416,13.8333,0.3548,0.1207,4.1089,4.1259,24.9296,720.4167,387.3453,yolo
417,13.8667,0.3823,0.1030,4.1501,4.1689,24.6820,725.7923,383.1181,yolo
418,13.9000,0.4100,0.0805,4.2054,4.2261,24.3575,730.7798,377.8220,yolo
419,13.9333,0.4342,0.0606,4.2323,4.2550,24.2024,735.5389,373.3428,yolo
420,13.9667,0.4669,0.0423,4.3275,4.3529,23.6699,740.4706,369.1050,yolo
421,14.0000,0.4895,0.0231,4.3625,4.3899,23.4803,744.4893,364.9332,yolo
422,14.0333,0.5123,0.0018,4.4218,4.4514,23.1653,747.8799,360.3803,yolo
423,14.0667,0.5323,-0.0166,4.4463,4.4780,23.0379,751.4799,356.5151,yolo
424,14.1000,0.5602,-0.0355,4.4738,4.5088,22.8963,756.6098,352.6106,yolo
425,14.1333,0.5844,-0.0539,4.4912,4.5294,22.8072,761.1674,348.8197,yolo
426,14.1667,0.6122,-0.0737,4.5358,4.5775,22.5830,765.6882,344.8729,yolo
427,14.2000,0.6391,-0.0924,4.5851,4.6303,22.3404,769.8017,341.2369,yolo
428,14.2333,0.6592,-0.1109,4.6053,4.6536,22.2424,773.2997,337.5795,yolo
429,14.2667,0.6880,-0.1292,4.6761,4.7282,21.9055,777.0149,334.2781,yolo
430,14.3000,0.7206,-0.1519,4.7669,4.8234,21.4884,780.7722,330.3222,yolo
431,14.3333,0.7453,-0.1704,4.8250,4.8852,21.2296,783.8306,327.1094,yolo
432,14.3667,0.7718,-0.1882,4.8503,4.9150,21.1187,788.1793,323.8630,yolo
433,14.4000,0.7943,-0.2051,4.8859,4.9543,20.9648,791.3870,320.9103,yolo
434,14.4333,0.8141,-0.2220,4.8791,4.9516,20.9940,795.3814,317.6287,yolo
435,14.4667,0.8432,-0.2419,4.9566,5.0336,20.6661,798.4067,314.5624,yolo
436,14.5000,0.8616,-0.2566,4.9613,5.0421,20.6462,801.7073,311.8319,yolo
437,14.5333,0.8807,-0.2751,4.9895,5.0741,20.5297,804.3655,308.6520,yolo
438,14.5667,0.8995,-0.2903,4.9914,5.0801,20.5217,807.8181,305.8471,yolo
439,14.6000,0.9337,-0.3134,5.0905,5.1849,20.1223,810.7971,302.6788,yolo
440,14.6333,0.9766,-0.3372,5.2251,5.3262,19.6041,814.0426,299.9056,yolo
441,14.6667,0.9844,-0.3488,5.1888,5.2928,19.7412,816.6720,297.4071,yolo
442,14.7000,1.0157,-0.3684,5.2617,5.3715,19.4675,819.7638,294.8018,yolo
443,14.7333,1.0525,-0.3896,5.3598,5.4760,19.1115,822.8617,292.3065,yolo
444,14.7667,1.0486,-0.3973,5.2628,5.3809,19.4635,825.5431,289.6994,yolo
445,14.8000,1.0837,-0.4178,5.3473,5.4720,19.1558,828.7112,287.2420,yolo
446,14.8333,1.1034,-0.4310,5.3590,5.4884,19.1140,831.7330,285.1127,yolo
447,14.8667,1.1155,-0.4424,5.3396,5.4728,19.1834,834.5329,282.8430,yolo
448,14.9000,1.1403,-0.4617,5.3925,5.5311,18.9952,836.9116,280.2760,yolo
449,14.9333,1.1623,-0.4789,5.4330,5.5766,18.8536,839.2170,277.9186,yolo
450,14.9667,1.1896,-0.4976,5.4923,5.6416,18.6502,841.6910,275.6417,yolo
451,15.0000,1.2202,-0.5181,5.5625,5.7183,18.4148,844.2665,273.2696,yolo
452,15.0333,1.2519,-0.5402,5.6461,5.8084,18.1422,846.4763,270.9010,yolo
453,15.0667,1.2619,-0.5511,5.6354,5.8011,18.1768,848.5134,268.9392,yolo
454,15.1000,1.2846,-0.5664,5.6669,5.8382,18.0755,851.0854,266.9279,yolo
455,15.1333,1.3156,-0.5840,5.7292,5.9072,17.8791,853.8389,265.0707,yolo
456,15.1667,1.3216,-0.5939,5.7044,5.8855,17.9569,855.7358,263.0422,yolo
457,15.2000,1.3275,-0.6036,5.6847,5.8688,18.0189,857.4588,261.1240,yolo
458,15.2333,1.3594,-0.6243,5.7650,5.9559,17.7681,859.5778,259.1575,yolo
459,15.2667,1.3730,-0.6344,5.7656,5.9606,17.7663,861.7497,257.5360,yolo
460,15.3000,1.4001,-0.6516,5.8294,6.0305,17.5716,863.6538,255.9165,yolo
461,15.3333,1.4114,-0.6618,5.8234,6.0284,17.5899,865.6917,254.1753,yolo
462,15.3667,1.4356,-0.6768,5.8697,6.0805,17.4511,867.7529,252.6223,yolo
