frame,time_s,det_cx,det_cy,det_radius_px,det_confidence,det_source,kf_cx,kf_cy,kf_vx,kf_vy,kf_uncertainty
1,0.0000,732.57,212.20,13.39,0.748,yolo,732.57,212.20,0.00,0.00,2.18
2,0.0333,732.59,212.40,13.45,0.744,yolo,732.58,212.31,0.01,0.07,1.64
3,0.0667,732.54,212.44,13.23,0.751,yolo,732.56,212.37,-0.02,0.15,1.49
4,0.1000,732.45,212.36,13.29,0.755,yolo,732.51,212.37,-0.11,0.14,1.44
5,0.1333,732.48,212.42,13.28,0.755,yolo,732.50,212.39,-0.14,0.19,1.44
6,0.1667,732.33,212.19,13.35,0.763,yolo,732.43,212.31,-0.32,-0.04,1.44
7,0.2000,732.35,212.13,13.31,0.768,yolo,732.39,212.23,-0.40,-0.25,1.44
8,0.2333,732.22,212.02,13.27,0.783,yolo,732.31,212.14,-0.58,-0.48,1.45
9,0.2667,732.08,211.99,13.40,0.773,yolo,732.20,212.07,-0.82,-0.64,1.45
10,0.3000,732.13,212.06,13.40,0.770,yolo,732.15,212.05,-0.88,-0.62,1.45
11,0.3333,732.09,212.02,13.41,0.778,yolo,732.11,212.03,-0.92,-0.64,1.45
12,0.3667,732.27,212.10,13.39,0.772,yolo,732.16,212.05,-0.70,-0.53,1.45
13,0.4000,732.36,213.57,14.11,0.715,yolo,732.23,212.68,-0.44,1.21,1.45
14,0.4333,732.53,212.65,13.36,0.705,yolo,732.35,212.69,-0.09,1.14,1.45
15,0.4667,732.29,212.58,14.13,0.666,yolo,732.32,212.66,-0.15,0.98,1.45
16,0.5000,732.42,212.75,14.16,0.668,yolo,732.36,212.72,-0.04,1.03,1.45
17,0.5333,732.38,212.56,14.31,0.672,yolo,732.37,212.67,-0.01,0.82,1.45
18,0.5667,732.17,212.61,14.40,0.716,yolo,732.28,212.66,-0.24,0.73,1.45
19,0.6000,732.06,212.47,14.34,0.695,yolo,732.19,212.60,-0.47,0.49,1.45
20,0.6333,732.37,212.28,14.29,0.681,yolo,732.25,212.47,-0.26,0.12,1.44
21,0.6667,732.62,212.39,14.28,0.657,yolo,732.40,212.44,0.16,0.03,1.44
22,0.7000,732.63,212.59,14.42,0.657,yolo,732.50,212.50,0.40,0.19,1.44
23,0.7333,732.42,212.60,14.58,0.667,yolo,732.48,212.55,0.30,0.28,1.44
24,0.7667,732.38,212.62,14.48,0.667,yolo,732.44,212.58,0.18,0.35,1.44
25,0.8000,732.04,212.50,14.48,0.708,yolo,732.28,212.55,-0.26,0.24,1.44
26,0.8333,732.21,212.45,14.38,0.700,yolo,732.24,212.51,-0.32,0.12,1.44
27,0.8667,732.09,212.43,14.33,0.676,yolo,732.17,212.48,-0.48,0.03,1.44
28,0.9000,732.12,212.34,14.37,0.687,yolo,732.14,212.42,-0.52,-0.13,1.44
29,0.9333,733.12,212.32,14.29,0.681,yolo,732.54,212.38,0.56,-0.23,1.44
30,0.9667,732.44,212.68,14.30,0.676,yolo,732.51,212.50,0.43,0.10,1.44
31,1.0000,732.69,212.66,14.45,0.684,yolo,732.59,212.57,0.61,0.27,1.44
32,1.0333,732.50,212.68,14.58,0.677,yolo,732.57,212.62,0.49,0.38,1.44
33,1.0667,732.93,212.95,14.45,0.687,yolo,732.73,212.77,0.86,0.73,1.44
34,1.1000,732.72,212.80,14.51,0.708,yolo,732.74,212.79,0.82,0.73,1.44
35,1.1333,732.75,212.91,14.59,0.726,yolo,732.76,212.86,0.80,0.84,1.44
36,1.1667,732.45,212.89,14.60,0.730,yolo,732.65,212.89,0.44,0.84,1.44
37,1.2000,732.69,212.79,14.48,0.753,yolo,732.67,212.86,0.47,0.71,1.44
38,1.2333,732.73,212.80,14.42,0.754,yolo,732.71,212.85,0.51,0.61,1.44
39,1.2667,732.86,212.88,14.42,0.738,yolo,732.78,212.87,0.66,0.62,1.44
40,1.3000,732.59,212.89,14.41,0.747,yolo,732.71,212.89,0.43,0.61,1.44
41,1.3333,732.76,212.88,14.48,0.742,yolo,732.74,212.90,0.47,0.58,1.44
42,1.3667,733.72,213.08,14.39,0.752,yolo,733.16,212.98,1.51,0.75,1.44
43,1.4000,732.89,212.74,14.50,0.747,yolo,733.08,212.90,1.17,0.46,1.44
44,1.4333,732.87,212.66,14.58,0.752,yolo,733.01,212.81,0.90,0.19,1.44
45,1.4667,732.65,212.41,14.63,0.744,yolo,732.88,212.65,0.48,-0.25,1.44
46,1.5000,733.36,211.97,14.40,0.699,yolo,733.09,212.36,0.98,-0.97,1.44
47,1.5333,733.22,211.91,14.50,0.704,yolo,733.16,212.15,1.08,-1.42,1.44
48,1.5667,732.87,211.94,14.65,0.710,yolo,733.06,212.04,0.73,-1.60,1.44
49,1.6000,732.33,211.98,14.17,0.671,yolo,732.77,211.98,-0.08,-1.61,1.44
50,1.6333,732.70,211.95,14.33,0.684,yolo,732.74,211.94,-0.16,-1.58,1.44
51,1.6667,733.11,211.99,14.03,0.667,yolo,732.89,211.93,0.24,-1.47,1.44
52,1.7000,733.83,212.29,14.50,0.716,yolo,733.29,212.05,1.25,-1.03,1.44
53,1.7333,734.55,212.44,14.25,0.669,yolo,733.84,212.19,2.57,-0.56,1.44
54,1.7667,734.87,212.47,14.41,0.682,yolo,734.32,212.30,3.59,-0.25,1.44
55,1.8000,734.07,212.55,14.10,0.697,yolo,734.28,212.40,3.19,0.03,1.44
56,1.8333,733.64,212.69,14.23,0.707,yolo,734.08,212.52,2.38,0.35,1.44
57,1.8667,733.88,212.76,14.36,0.710,yolo,734.04,212.63,2.08,0.60,1.44
58,1.9000,734.10,212.55,14.41,0.711,yolo,734.10,212.61,2.06,0.50,1.44
59,1.9333,734.40,212.65,14.33,0.734,yolo,734.27,212.64,2.31,0.53,1.44
60,1.9667,734.55,212.67,14.29,0.717,yolo,734.43,212.66,2.53,0.55,1.44
61,2.0000,734.31,212.76,14.40,0.678,yolo,734.43,212.72,2.31,0.64,1.44
62,2.0333,734.64,212.81,14.48,0.711,yolo,734.56,212.77,2.46,0.72,1.44
63,2.0667,734.87,212.78,14.62,0.704,yolo,734.74,212.79,2.70,0.71,1.44
64,2.1000,734.73,212.75,14.50,0.715,yolo,734.79,212.79,2.59,0.65,1.44
65,2.1333,734.94,212.80,14.59,0.694,yolo,734.90,212.80,2.66,0.64,1.44
66,2.1667,734.73,212.80,14.71,0.706,yolo,734.88,212.82,2.38,0.61,1.44
67,2.2000,734.77,212.72,14.65,0.709,yolo,734.88,212.79,2.17,0.49,1.44
68,2.2333,734.84,212.79,14.54,0.710,yolo,734.90,212.80,2.05,0.47,1.44
69,2.2667,734.69,212.78,14.51,0.710,yolo,734.85,212.80,1.74,0.44,1.44
70,2.3000,735.22,212.39,14.55,0.711,yolo,735.04,212.64,2.07,-0.02,1.44
71,2.3333,734.94,212.65,14.63,0.718,yolo,735.04,212.64,1.88,-0.01,1.44
72,2.3667,735.14,212.97,14.65,0.723,yolo,735.12,212.78,1.93,0.35,1.44
73,2.4000,734.85,212.75,14.38,0.737,yolo,735.04,212.77,1.57,0.30,1.44
74,2.4333,734.96,212.69,14.42,0.711,yolo,735.04,212.74,1.43,0.20,1.44
75,2.4667,734.37,212.75,14.34,0.706,yolo,734.79,212.75,0.66,0.20,1.44
76,2.5000,734.18,212.56,14.45,0.731,yolo,734.55,212.67,-0.03,-0.02,1.44
77,2.5333,733.98,212.61,14.50,0.737,yolo,734.31,212.65,-0.64,-0.09,1.44
78,2.5667,734.25,212.60,14.58,0.751,yolo,734.27,212.62,-0.68,-0.14,1.44
79,2.6000,734.21,212.78,14.56,0.764,yolo,734.23,212.68,-0.73,0.03,1.44
80,2.6333,734.14,212.80,14.58,0.767,yolo,734.18,212.73,-0.80,0.15,1.44
81,2.6667,734.16,212.78,14.47,0.768,yolo,734.16,212.75,-0.79,0.20,1.44
82,2.7000,733.93,213.06,14.48,0.785,yolo,734.05,212.89,-1.01,0.52,1.44
83,2.7333,734.42,212.94,14.38,0.761,yolo,734.18,212.92,-0.57,0.56,1.44
84,2.7667,734.40,212.83,14.68,0.771,yolo,734.26,212.89,-0.31,0.44,1.44
85,2.8000,734.45,212.67,14.57,0.755,yolo,734.34,212.81,-0.09,0.19,1.44
86,2.8333,733.92,212.56,14.61,0.770,yolo,734.16,212.71,-0.54,-0.09,1.44
87,2.8667,734.52,212.18,14.73,0.782,yolo,734.30,212.48,-0.13,-0.66,1.44
88,2.9000,734.66,212.01,14.75,0.777,yolo,734.45,212.27,0.26,-1.15,1.44
89,2.9333,734.97,211.99,14.68,0.790,yolo,734.67,212.13,0.81,-1.42,1.44
90,2.9667,734.55,212.04,14.54,0.772,yolo,734.64,212.06,0.66,-1.47,1.44
91,3.0000,734.19,211.72,14.38,0.752,yolo,734.47,211.89,0.16,-1.79,1.44
92,3.0333,733.83,212.05,14.42,0.755,yolo,734.20,211.93,-0.54,-1.55,1.44
93,3.0667,733.78,212.30,14.37,0.749,yolo,734.02,212.05,-0.97,-1.09,1.44
94,3.1000,733.43,212.62,14.31,0.740,yolo,733.75,212.27,-1.57,-0.44,1.44
95,3.1333,733.84,213.42,14.56,0.785,yolo,733.76,212.74,-1.42,0.83,1.44
96,3.1667,735.00,214.12,14.79,0.795,yolo,734.25,213.33,-0.02,2.29,1.44
97,3.2000,736.01,215.72,14.64,0.832,yolo,734.98,214.37,1.88,4.79,1.44
98,3.2333,736.99,217.51,14.31,0.844,yolo,735.85,215.77,3.97,8.00,1.44
99,3.2667,739.00,219.32,14.84,0.869,yolo,737.24,217.41,7.23,11.55,1.44
100,3.3000,739.69,219.13,14.03,0.859,yolo,738.40,218.35,9.61,13.00,1.44
101,3.3333,745.04,219.52,14.47,0.798,yolo,741.36,219.09,16.43,13.80,1.44
102,3.3667,749.04,219.00,14.31,0.831,yolo,744.88,219.32,24.14,13.20,1.44
103,3.4000,753.93,218.72,14.63,0.860,yolo,749.12,219.33,33.05,12.08,1.44
104,3.4333,758.68,217.35,14.74,0.720,yolo,753.75,218.74,42.18,9.50,1.44
105,3.4667,764.13,216.90,14.67,0.753,yolo,758.89,218.16,51.88,7.17,1.44
106,3.5000,768.02,217.20,14.67,0.862,yolo,763.70,217.90,59.87,5.89,1.44
107,3.5333,769.98,216.05,14.35,0.801,yolo,767.48,217.24,64.49,3.68,1.44
108,3.5667,778.87,216.01,14.57,0.783,yolo,773.48,216.80,74.46,2.22,1.44
109,3.6000,783.95,216.76,14.92,0.860,yolo,779.29,216.83,83.09,2.09,1.44
110,3.6333,788.13,216.65,14.55,0.882,yolo,784.59,216.79,89.64,1.82,1.44
111,3.6667,793.21,217.24,14.89,0.840,yolo,789.93,217.01,95.73,2.24,1.44
112,3.7000,797.14,217.42,14.79,0.814,yolo,794.79,217.23,100.08,2.59,1.44
113,3.7333,799.99,218.35,14.57,0.849,yolo,798.90,217.74,102.08,3.71,1.44
114,3.7667,800.45,219.73,14.76,0.912,yolo,801.53,218.64,100.08,5.72,1.44
115,3.8000,804.58,221.85,14.75,0.931,yolo,804.75,220.09,99.77,8.98,1.44
116,3.8333,804.85,223.48,14.83,0.931,yolo,806.73,221.68,96.29,12.32,1.44
117,3.8667,804.03,223.82,15.25,0.891,yolo,807.48,222.81,89.90,14.18,1.44
118,3.9000,795.49,221.96,14.86,0.899,yolo,804.23,222.73,73.71,12.75,1.44
119,3.9333,787.58,219.59,14.45,0.856,yolo,798.72,221.67,53.07,8.91,1.44
120,3.9667,779.31,218.97,14.80,0.848,yolo,791.66,220.72,30.19,5.67,1.44
121,4.0000,773.71,220.40,14.41,0.807,yolo,784.77,220.70,9.71,5.12,1.44
122,4.0333,766.28,222.03,14.31,0.837,yolo,777.25,221.35,-10.61,6.38,1.44
123,4.0667,761.32,222.56,14.55,0.838,yolo,770.40,221.98,-27.44,7.45,1.44
124,4.1000,754.11,222.22,14.46,0.810,yolo,763.08,222.22,-44.05,7.44,1.44
125,4.1333,748.26,221.75,14.40,0.851,yolo,756.05,222.17,-58.47,6.67,1.44
126,4.1667,739.47,222.28,13.72,0.604,yolo,748.00,222.35,-74.27,6.54,1.44
127,4.2000,746.60,221.13,15.06,0.785,yolo,745.97,221.97,-73.11,5.00,1.44
128,4.2333,736.99,221.71,15.08,0.817,yolo,740.81,221.96,-80.19,4.54,1.44
129,4.2667,738.35,220.52,14.70,0.825,yolo,738.23,221.45,-79.95,2.82,1.44
130,4.3000,730.87,218.87,15.33,0.836,yolo,733.61,220.43,-85.02,-0.07,1.44
131,4.3333,731.15,220.50,14.59,0.875,yolo,730.93,220.46,-84.61,0.01,1.44
132,4.3667,722.71,222.56,14.59,0.876,yolo,725.86,221.33,-90.44,2.28,1.44
133,4.4000,725.30,223.46,15.19,0.845,yolo,723.87,222.26,-87.79,4.50,1.44
134,4.4333,717.55,224.04,14.10,0.831,yolo,719.53,223.09,-91.45,6.26,1.44
135,4.4667,714.02,223.87,15.06,0.881,yolo,715.46,223.54,-94.11,6.88,1.44
136,4.5000,708.10,222.24,14.77,0.865,yolo,710.56,223.13,-98.67,5.23,1.44
137,4.5333,707.26,221.28,14.83,0.841,yolo,707.26,222.46,-98.68,3.04,1.44
138,4.5667,701.22,221.77,14.62,0.792,yolo,702.83,222.23,-101.66,2.18,1.44
139,4.6000,697.17,222.84,14.36,0.759,yolo,698.49,222.53,-104.11,2.77,1.44
140,4.6333,697.57,223.08,13.32,0.825,yolo,696.08,222.81,-101.36,3.26,1.44
141,4.6667,694.30,223.23,13.18,0.834,yolo,693.37,223.05,-99.63,3.59,1.44
142,4.7000,694.47,222.93,13.74,0.848,yolo,691.89,223.07,-94.86,3.34,1.44
143,4.7333,688.28,224.05,12.96,0.856,yolo,688.54,223.54,-95.34,4.27,1.44
144,4.7667,692.38,224.66,13.60,0.821,yolo,688.29,224.09,-87.77,5.33,1.44
145,4.8000,689.33,224.47,13.03,0.875,yolo,687.02,224.35,-83.48,5.55,1.44
146,4.8333,690.72,224.68,13.21,0.863,yolo,686.94,224.60,-76.47,5.70,1.44
147,4.8667,689.58,224.15,12.97,0.824,yolo,686.55,224.52,-70.86,5.02,1.44
148,4.9000,690.72,223.34,12.79,0.816,yolo,686.91,224.13,-63.81,3.55,1.44
149,4.9333,690.07,223.70,13.00,0.869,yolo,686.99,224.02,-58.10,2.97,1.44
150,4.9667,693.88,223.35,13.21,0.830,yolo,688.73,223.80,-48.56,2.14,1.44
151,5.0000,695.66,223.02,13.43,0.860,yolo,690.68,223.51,-39.33,1.22,1.44
152,5.0333,698.65,223.39,13.43,0.839,yolo,693.24,223.49,-29.30,1.04,1.44
153,5.0667,701.97,223.12,13.59,0.796,yolo,696.31,223.35,-18.80,0.61,1.44
154,5.1000,706.20,223.41,13.69,0.726,yolo,700.06,223.39,-7.44,0.65,1.44
155,5.1333,711.46,223.37,13.64,0.815,yolo,704.67,223.39,5.14,0.60,1.44
156,5.1667,717.48,223.67,13.47,0.819,yolo,710.11,223.52,18.79,0.88,1.44
157,5.2000,723.78,223.01,13.21,0.823,yolo,716.17,223.33,32.89,0.30,1.44
158,5.2333,733.93,222.42,14.75,0.790,yolo,724.21,222.95,50.88,-0.69,1.44
159,5.2667,738.12,220.72,14.23,0.727,yolo,731.00,222.01,64.07,-3.08,1.44
160,5.3000,743.50,220.76,16.16,0.724,yolo,737.45,221.43,75.27,-4.32,1.44
161,5.3333,748.84,220.90,15.67,0.810,yolo,743.66,221.12,84.86,-4.74,1.44
162,5.3667,751.70,225.06,17.67,0.792,yolo,748.66,222.67,90.48,-0.31,1.44
163,5.4000,761.00,229.36,15.89,0.660,yolo,755.56,225.45,100.55,6.92,1.44
164,5.4333,765.65,235.11,15.67,0.798,yolo,761.72,229.61,107.83,17.10,1.44
165,5.4667,776.13,242.54,16.15,0.895,yolo,769.82,235.33,119.51,30.45,1.44
166,5.5000,782.94,246.59,16.08,0.790,yolo,777.61,240.62,129.37,41.51,1.44
167,5.5333,796.57,252.76,17.27,0.824,yolo,788.03,246.48,145.19,53.13,1.44
168,5.5667,806.99,257.60,17.91,0.778,yolo,798.75,252.15,160.44,63.23,1.44
169,5.6000,818.85,261.57,17.95,0.860,yolo,810.25,257.31,176.38,71.13,1.44
170,5.6333,831.54,268.48,18.79,0.849,yolo,822.55,263.35,193.02,80.64,1.44
171,5.6667,847.28,274.65,19.15,0.846,yolo,836.61,269.62,212.78,89.94,1.44
172,5.7000,861.92,281.48,19.75,0.809,yolo,851.29,276.31,232.47,99.51,1.44
173,5.7333,879.07,286.86,19.84,0.837,yolo,867.39,282.64,254.10,107.32,1.44
174,5.7667,893.54,293.50,20.39,0.823,yolo,883.23,289.26,273.20,115.19,1.44
175,5.8000,911.51,300.62,21.38,0.880,yolo,900.32,296.23,293.91,123.32,1.44
176,5.8333,920.88,307.23,22.47,0.803,yolo,914.61,303.21,305.53,130.76,1.44
177,5.8667,936.82,314.84,22.27,0.887,yolo,929.80,310.60,318.52,138.60,1.44
178,5.9000,935.87,323.80,23.87,0.837,yolo,938.52,318.80,313.61,147.87,1.44
179,5.9333,944.80,330.56,23.36,0.853,yolo,947.24,326.58,309.10,155.26,1.44
180,5.9667,936.24,337.85,23.94,0.817,yolo,948.67,334.29,286.09,161.85,1.44
181,6.0000,938.26,347.59,24.30,0.842,yolo,949.89,342.98,264.56,170.38,1.44
182,6.0333,924.38,354.02,24.92,0.835,yolo,944.40,350.89,227.47,176.17,1.44
183,6.0667,919.16,363.95,25.67,0.853,yolo,938.31,359.76,192.03,183.94,1.44
184,6.1000,904.34,370.20,25.59,0.867,yolo,927.89,367.69,148.42,188.58,1.44
185,6.1333,891.37,378.48,25.83,0.804,yolo,915.55,375.85,103.64,193.45,1.44
186,6.1667,879.36,387.14,26.73,0.913,yolo,902.49,384.32,60.82,198.68,1.44
187,6.2000,861.37,395.63,27.17,0.869,yolo,886.53,392.90,14.22,203.75,1.44
188,6.2333,847.94,405.60,27.41,0.895,yolo,870.73,402.15,-27.98,210.14,1.44
189,6.2667,831.16,414.80,28.59,0.888,yolo,853.70,411.51,-69.71,216.24,1.44
190,6.3000,819.39,426.26,28.00,0.867,yolo,838.05,421.86,-104.25,224.38,1.44
191,6.3333,800.43,435.17,29.29,0.839,yolo,820.34,431.77,-141.12,230.68,1.44
192,6.3667,789.20,448.54,30.33,0.887,yolo,804.62,443.25,-169.68,240.50,1.44
193,6.4000,774.01,459.41,30.48,0.852,yolo,788.57,454.66,-196.63,249.29,1.44
194,6.4333,759.22,474.15,31.10,0.884,yolo,772.51,467.63,-221.25,261.37,1.44
195,6.4667,747.41,486.71,31.80,0.899,yolo,757.75,480.66,-240.40,272.57,1.44
196,6.5000,734.06,504.07,32.78,0.897,yolo,743.20,495.71,-257.34,288.04,1.44
197,6.5333,721.07,516.46,34.09,0.870,yolo,728.98,509.96,-271.98,300.08,1.44
198,6.5667,706.06,535.48,35.05,0.873,yolo,714.14,526.43,-286.93,316.84,1.44
199,6.6000,695.11,555.24,35.86,0.833,yolo,700.63,544.60,-297.16,336.55,1.44
200,6.6333,673.26,573.57,37.27,0.889,yolo,683.45,563.21,-316.02,355.73,1.44
201,6.6667,654.04,590.13,38.90,0.921,yolo,665.05,581.35,-336.40,372.00,1.44
202,6.7000,641.31,620.44,39.51,0.806,yolo,648.62,604.87,-349.93,400.83,1.44
203,6.7333,615.09,642.66,42.52,0.875,yolo,627.84,628.41,-373.54,427.21,1.44
204,6.7667,600.32,665.67,44.12,0.891,yolo,609.11,652.25,-389.82,452.07,1.44
205,6.8000,572.27,684.98,45.81,0.855,yolo,586.18,674.68,-415.57,471.16,1.44
206,6.8333,557.25,701.16,47.16,0.518,yolo,566.04,694.87,-431.86,482.79,1.44
207,6.8667,,,,,none,551.65,710.97,-431.86,482.79,1.89
208,6.9000,,,,,none,537.25,720.00,-431.86,482.79,2.31
209,6.9333,,,,,none,522.86,720.00,-431.86,482.79,2.72
210,6.9667,,,,,none,508.46,720.00,-431.86,482.79,3.12
211,7.0000,,,,,none,494.07,720.00,-431.86,482.79,3.53
212,7.0333,,,,,none,479.67,720.00,-431.86,482.79,3.94
213,7.0667,,,,,none,465.28,720.00,-431.86,482.79,4.35
214,7.1000,,,,,none,450.88,720.00,-431.86,482.79,4.77
215,7.1333,,,,,none,436.49,720.00,-431.86,482.79,5.20
216,7.1667,,,,,none,422.09,720.00,-431.86,482.79,5.63
217,7.2000,,,,,none,407.70,720.00,-431.86,482.79,6.07
218,7.2333,,,,,none,393.30,720.00,-431.86,482.79,6.52
219,7.2667,,,,,none,378.90,720.00,-431.86,482.79,6.98
220,7.3000,,,,,none,364.51,720.00,-431.86,482.79,7.45
221,7.3333,,,,,none,350.11,720.00,-431.86,482.79,7.92
222,7.3667,,,,,none,335.72,720.00,-431.86,482.79,8.40
223,7.4000,,,,,none,321.32,720.00,-431.86,482.79,8.89
224,7.4333,,,,,none,306.93,720.00,-431.86,482.79,9.38
225,7.4667,,,,,none,292.53,720.00,-431.86,482.79,9.89
226,7.5000,,,,,none,278.14,720.00,0.00,0.00,10.40
227,7.5333,,,,,none,278.14,720.00,0.00,0.00,10.92
228,7.5667,,,,,none,278.14,720.00,0.00,0.00,11.45
229,7.6000,,,,,none,278.14,720.00,0.00,0.00,11.98
230,7.6333,,,,,none,278.14,720.00,0.00,0.00,12.52
231,7.6667,,,,,none,278.14,720.00,0.00,0.00,13.07
232,7.7000,,,,,none,278.14,720.00,0.00,0.00,13.63
233,7.7333,,,,,none,278.14,720.00,0.00,0.00,14.19
234,7.7667,,,,,none,278.14,720.00,0.00,0.00,14.76
235,7.8000,,,,,none,278.14,720.00,0.00,0.00,15.34
236,7.8333,,,,,none,278.14,720.00,0.00,0.00,15.93
237,7.8667,,,,,none,278.14,720.00,0.00,0.00,16.52
238,7.9000,,,,,none,278.14,720.00,0.00,0.00,17.12
239,7.9333,,,,,none,278.14,720.00,0.00,0.00,17.72
240,7.9667,,,,,none,278.14,720.00,0.00,0.00,18.34
241,8.0000,,,,,none,278.14,720.00,0.00,0.00,18.95
242,8.0333,,,,,none,278.14,720.00,0.00,0.00,19.58
243,8.0667,,,,,none,278.14,720.00,0.00,0.00,20.21
244,8.1000,,,,,none,278.14,720.00,0.00,0.00,20.85
245,8.1333,,,,,none,278.14,720.00,0.00,0.00,21.50
246,8.1667,,,,,none,278.14,720.00,0.00,0.00,22.15
247,8.2000,,,,,none,278.14,720.00,0.00,0.00,22.80
248,8.2333,,,,,none,278.14,720.00,0.00,0.00,23.47
249,8.2667,,,,,none,278.14,720.00,0.00,0.00,24.14
250,8.3000,,,,,none,278.14,720.00,0.00,0.00,24.81
251,8.3333,,,,,none,278.14,720.00,0.00,0.00,25.50
252,8.3667,,,,,none,278.14,720.00,0.00,0.00,26.18
253,8.4000,,,,,none,278.14,720.00,0.00,0.00,26.88
254,8.4333,,,,,none,278.14,720.00,0.00,0.00,27.58
255,8.4667,,,,,none,278.14,720.00,0.00,0.00,28.28
256,8.5000,,,,,none,278.14,720.00,0.00,0.00,29.00
257,8.5333,,,,,none,278.14,720.00,0.00,0.00,29.71
258,8.5667,,,,,none,278.14,720.00,0.00,0.00,30.44
259,8.6000,,,,,none,278.14,720.00,0.00,0.00,31.17
260,8.6333,,,,,none,278.14,720.00,0.00,0.00,31.90
261,8.6667,,,,,none,278.14,720.00,0.00,0.00,32.64
262,8.7000,,,,,none,278.14,720.00,0.00,0.00,33.39
263,8.7333,,,,,none,278.14,720.00,0.00,0.00,34.14
264,8.7667,,,,,none,278.14,720.00,0.00,0.00,34.90
265,8.8000,,,,,none,278.14,720.00,0.00,0.00,35.66
266,8.8333,,,,,none,278.14,720.00,0.00,0.00,36.43
267,8.8667,,,,,none,278.14,720.00,0.00,0.00,37.20
268,8.9000,,,,,none,278.14,720.00,0.00,0.00,37.98
269,8.9333,,,,,none,278.14,720.00,0.00,0.00,38.76
270,8.9667,,,,,none,278.14,720.00,0.00,0.00,39.55
271,9.0000,,,,,none,278.14,720.00,0.00,0.00,40.34
272,9.0333,,,,,none,278.14,720.00,0.00,0.00,41.14
273,9.0667,,,,,none,278.14,720.00,0.00,0.00,41.95
274,9.1000,,,,,none,278.14,720.00,0.00,0.00,42.76
275,9.1333,,,,,none,278.14,720.00,0.00,0.00,43.57
276,9.1667,,,,,none,278.14,720.00,0.00,0.00,44.39
277,9.2000,,,,,none,278.14,720.00,0.00,0.00,45.22
278,9.2333,,,,,none,278.14,720.00,0.00,0.00,46.05
279,9.2667,,,,,none,278.14,720.00,0.00,0.00,46.88
280,9.3000,,,,,none,278.14,720.00,0.00,0.00,47.72
281,9.3333,,,,,none,278.14,720.00,0.00,0.00,48.57
282,9.3667,,,,,none,278.14,720.00,0.00,0.00,49.42
283,9.4000,,,,,none,278.14,720.00,0.00,0.00,50.27
284,9.4333,,,,,none,278.14,720.00,0.00,0.00,51.13
285,9.4667,,,,,none,278.14,720.00,0.00,0.00,52.00
286,9.5000,,,,,none,278.14,720.00,0.00,0.00,52.87
287,9.5333,,,,,none,278.14,720.00,0.00,0.00,53.74
288,9.5667,,,,,none,278.14,720.00,0.00,0.00,54.62
289,9.6000,,,,,none,278.14,720.00,0.00,0.00,55.50
290,9.6333,,,,,none,278.14,720.00,0.00,0.00,56.39
291,9.6667,,,,,none,278.14,720.00,0.00,0.00,57.28
292,9.7000,,,,,none,278.14,720.00,0.00,0.00,58.18
293,9.7333,,,,,none,278.14,720.00,0.00,0.00,59.08
294,9.7667,,,,,none,278.14,720.00,0.00,0.00,59.99
295,9.8000,,,,,none,278.14,720.00,0.00,0.00,60.90
296,9.8333,,,,,none,278.14,720.00,0.00,0.00,61.82
297,9.8667,,,,,none,278.14,720.00,0.00,0.00,62.74
298,9.9000,,,,,none,278.14,720.00,0.00,0.00,63.66
299,9.9333,,,,,none,278.14,720.00,0.00,0.00,64.59
300,9.9667,,,,,none,278.14,720.00,0.00,0.00,65.53
301,10.0000,,,,,none,278.14,720.00,0.00,0.00,66.46
302,10.0333,,,,,none,278.14,720.00,0.00,0.00,67.41
303,10.0667,,,,,none,278.14,720.00,0.00,0.00,68.35
304,10.1000,,,,,none,278.14,720.00,0.00,0.00,69.31
305,10.1333,,,,,none,278.14,720.00,0.00,0.00,70.26
306,10.1667,,,,,none,278.14,720.00,0.00,0.00,71.22
307,10.2000,,,,,none,278.14,720.00,0.00,0.00,72.19
308,10.2333,,,,,none,278.14,720.00,0.00,0.00,73.15
309,10.2667,,,,,none,278.14,720.00,0.00,0.00,74.13
310,10.3000,,,,,none,278.14,720.00,0.00,0.00,75.11
311,10.3333,,,,,none,278.14,720.00,0.00,0.00,76.09
312,10.3667,,,,,none,278.14,720.00,0.00,0.00,77.07
313,10.4000,,,,,none,278.14,720.00,0.00,0.00,78.06
314,10.4333,,,,,none,278.14,720.00,0.00,0.00,79.06
315,10.4667,,,,,none,278.14,720.00,0.00,0.00,80.06
316,10.5000,,,,,none,278.14,720.00,0.00,0.00,81.06
317,10.5333,,,,,none,278.14,720.00,0.00,0.00,82.07
318,10.5667,,,,,none,278.14,720.00,0.00,0.00,83.08
319,10.6000,,,,,none,278.14,720.00,0.00,0.00,84.09
320,10.6333,,,,,none,278.14,720.00,0.00,0.00,85.11
321,10.6667,,,,,none,278.14,720.00,0.00,0.00,86.13
322,10.7000,,,,,none,278.14,720.00,0.00,0.00,87.16
323,10.7333,,,,,none,278.14,720.00,0.00,0.00,88.19
324,10.7667,,,,,none,278.14,720.00,0.00,0.00,89.23
325,10.8000,,,,,none,278.14,720.00,0.00,0.00,90.27
326,10.8333,,,,,none,278.14,720.00,0.00,0.00,91.31
327,10.8667,,,,,none,278.14,720.00,0.00,0.00,92.36
328,10.9000,,,,,none,278.14,720.00,0.00,0.00,93.41
329,10.9333,,,,,none,278.14,720.00,0.00,0.00,94.46
330,10.9667,,,,,none,278.14,720.00,0.00,0.00,95.52
331,11.0000,,,,,none,278.14,720.00,0.00,0.00,96.59
332,11.0333,,,,,none,278.14,720.00,0.00,0.00,97.65
333,11.0667,,,,,none,278.14,720.00,0.00,0.00,98.72
334,11.1000,,,,,none,278.14,720.00,0.00,0.00,99.80
335,11.1333,,,,,none,278.14,720.00,0.00,0.00,100.88
336,11.1667,,,,,none,278.14,720.00,0.00,0.00,101.96
337,11.2000,,,,,none,278.14,720.00,0.00,0.00,103.05
338,11.2333,,,,,none,278.14,720.00,0.00,0.00,104.14
339,11.2667,,,,,none,278.14,720.00,0.00,0.00,105.23
340,11.3000,,,,,none,278.14,720.00,0.00,0.00,106.33
341,11.3333,,,,,none,278.14,720.00,0.00,0.00,107.43
342,11.3667,,,,,none,278.14,720.00,0.00,0.00,108.53
343,11.4000,,,,,none,278.14,720.00,0.00,0.00,109.64
344,11.4333,,,,,none,278.14,720.00,0.00,0.00,110.76
345,11.4667,,,,,none,278.14,720.00,0.00,0.00,111.87
346,11.5000,,,,,none,278.14,720.00,0.00,0.00,112.99
347,11.5333,,,,,none,278.14,720.00,0.00,0.00,114.12
348,11.5667,,,,,none,278.14,720.00,0.00,0.00,115.25
349,11.6000,,,,,none,278.14,720.00,0.00,0.00,116.38
350,11.6333,,,,,none,278.14,720.00,0.00,0.00,117.51
351,11.6667,,,,,none,278.14,720.00,0.00,0.00,118.65
352,11.7000,,,,,none,278.14,720.00,0.00,0.00,119.79
353,11.7333,,,,,none,278.14,720.00,0.00,0.00,120.94
354,11.7667,,,,,none,278.14,720.00,0.00,0.00,122.09
355,11.8000,,,,,none,278.14,720.00,0.00,0.00,123.24
356,11.8333,,,,,none,278.14,720.00,0.00,0.00,124.40
357,11.8667,,,,,none,278.14,720.00,0.00,0.00,125.56
358,11.9000,,,,,none,278.14,720.00,0.00,0.00,126.72
359,11.9333,,,,,none,278.14,720.00,0.00,0.00,127.89
360,11.9667,,,,,none,278.14,720.00,0.00,0.00,129.06
361,12.0000,,,,,none,278.14,720.00,0.00,0.00,130.24
362,12.0333,,,,,none,278.14,720.00,0.00,0.00,131.42
363,12.0667,,,,,none,278.14,720.00,0.00,0.00,132.60
364,12.1000,,,,,none,278.14,720.00,0.00,0.00,133.78
365,12.1333,,,,,none,278.14,720.00,0.00,0.00,134.97
366,12.1667,,,,,none,278.14,720.00,0.00,0.00,136.16
367,12.2000,,,,,none,278.14,720.00,0.00,0.00,137.36
368,12.2333,,,,,none,278.14,720.00,0.00,0.00,138.56
369,12.2667,,,,,none,278.14,720.00,0.00,0.00,139.76
370,12.3000,,,,,none,278.14,720.00,0.00,0.00,140.97
371,12.3333,,,,,none,278.14,720.00,0.00,0.00,142.18
372,12.3667,,,,,none,278.14,720.00,0.00,0.00,143.39
373,12.4000,,,,,none,278.14,720.00,0.00,0.00,144.61
374,12.4333,,,,,none,278.14,720.00,0.00,0.00,145.83
375,12.4667,,,,,none,278.14,720.00,0.00,0.00,147.05
376,12.5000,,,,,none,278.14,720.00,0.00,0.00,148.28
377,12.5333,,,,,none,278.14,720.00,0.00,0.00,149.51
378,12.5667,,,,,none,278.14,720.00,0.00,0.00,150.74
379,12.6000,,,,,none,278.14,720.00,0.00,0.00,151.98
380,12.6333,,,,,none,278.14,720.00,0.00,0.00,153.22
381,12.6667,348.93,704.31,44.62,0.663,yolo,348.91,704.31,17.07,-3.79,2.24
382,12.7000,369.98,694.03,51.11,0.472,yolo,361.15,698.40,47.31,-18.76,1.69
383,12.7333,384.64,686.59,46.39,0.696,yolo,373.52,692.27,97.98,-44.64,1.57
384,12.7667,412.17,676.75,44.70,0.734,yolo,393.93,683.98,191.19,-81.59,1.56
385,12.8000,420.33,665.08,44.47,0.839,yolo,410.01,673.42,243.29,-123.69,1.56
386,12.8333,444.16,648.77,42.91,0.868,yolo,430.64,659.43,306.11,-173.20,1.55
387,12.8667,453.32,635.26,42.35,0.866,yolo,446.75,644.94,333.35,-213.37,1.54
388,12.9000,472.66,619.05,40.47,0.927,yolo,464.74,629.10,362.52,-250.41,1.52
389,12.9333,485.30,607.80,40.63,0.887,yolo,480.70,614.83,377.71,-273.62,1.51
390,12.9667,501.20,593.34,38.63,0.867,yolo,496.84,600.15,390.72,-293.97,1.50
391,13.0000,513.27,579.81,37.31,0.814,yolo,511.37,585.68,395.92,-310.07,1.49
392,13.0333,524.22,568.63,36.36,0.854,yolo,524.42,572.41,395.42,-319.72,1.48
393,13.0667,537.29,558.24,36.63,0.876,yolo,537.47,560.23,395.01,-324.49,1.47
394,13.1000,548.42,546.90,35.09,0.858,yolo,549.68,548.33,392.12,-327.77,1.47
395,13.1333,558.98,537.54,34.92,0.891,yolo,561.14,537.46,387.37,-327.61,1.46
396,13.1667,570.01,527.75,33.95,0.858,yolo,572.33,527.05,382.43,-326.13,1.46
397,13.2000,579.60,517.15,33.25,0.877,yolo,582.76,516.59,375.89,-324.98,1.46
398,13.2333,589.80,508.50,32.95,0.878,yolo,592.97,506.92,369.46,-321.77,1.45
399,13.2667,598.71,499.46,32.49,0.906,yolo,602.52,497.57,361.89,-318.00,1.45
400,13.3000,607.34,490.75,31.82,0.835,yolo,611.54,488.56,353.65,-313.69,1.45
401,13.3333,615.99,482.66,30.60,0.864,yolo,620.25,480.02,345.39,-308.55,1.45
402,13.3667,624.37,474.28,30.62,0.806,yolo,628.66,471.64,337.12,-303.47,1.45
403,13.4000,631.32,466.98,29.85,0.893,yolo,636.31,463.81,327.60,-297.41,1.45
404,13.4333,638.91,461.59,29.65,0.869,yolo,643.75,457.11,318.41,-288.91,1.45
405,13.4667,648.00,454.19,29.01,0.891,yolo,651.70,450.28,311.41,-281.54,1.45
406,13.5000,654.82,447.20,29.27,0.830,yolo,659.05,443.53,303.45,-274.64,1.45
407,13.5333,661.54,440.34,28.00,0.800,yolo,665.98,436.87,295.12,-268.12,1.44
408,13.5667,668.07,434.75,28.05,0.843,yolo,672.59,430.77,286.68,-260.69,1.44
409,13.6000,676.77,428.27,27.28,0.831,yolo,679.90,424.66,280.83,-253.96,1.44
410,13.6333,681.54,423.28,27.15,0.843,yolo,686.04,419.15,272.43,-246.27,1.44
411,13.6667,688.23,416.92,26.72,0.797,yolo,692.24,413.44,264.95,-239.78,1.44
412,13.7000,692.84,410.19,26.67,0.798,yolo,697.64,407.42,256.03,-234.63,1.44
413,13.7333,700.43,406.02,26.46,0.837,yolo,703.78,402.28,249.80,-227.68,1.44
414,13.7667,705.87,400.45,25.96,0.898,yolo,709.51,397.09,243.05,-221.44,1.44
415,13.8000,711.62,396.28,25.94,0.911,yolo,715.11,392.45,236.57,-214.33,1.44
416,13.8333,716.80,390.20,24.85,0.886,yolo,720.42,387.35,229.86,-209.03,1.44
417,13.8667,722.59,386.95,25.03,0.851,yolo,725.79,383.12,223.93,-201.92,1.44
418,13.9000,727.31,379.83,24.58,0.825,yolo,730.78,377.82,217.51,-198.20,1.44
419,13.9333,732.05,376.32,24.64,0.805,yolo,735.54,373.34,211.04,-192.68,1.44
420,13.9667,737.53,372.16,23.57,0.812,yolo,740.47,369.10,205.59,-187.01,1.44
421,14.0000,740.52,367.82,23.85,0.868,yolo,744.49,364.93,198.24,-181.67,1.44
422,14.0333,743.38,362.48,23.34,0.845,yolo,747.88,360.38,189.90,-177.77,1.44
423,14.0667,747.66,359.40,23.46,0.890,yolo,751.48,356.52,182.82,-172.43,1.44
424,14.1000,755.26,355.19,23.27,0.821,yolo,756.61,352.61,180.32,-167.65,1.44
425,14.1333,759.13,351.34,23.23,0.847,yolo,761.17,348.82,176.55,-162.99,1.44
426,14.1667,763.78,346.95,22.80,0.862,yolo,765.69,344.87,173.02,-159.14,1.44
427,14.2000,767.49,343.57,22.52,0.854,yolo,769.80,341.24,168.73,-154.81,1.44
428,14.2333,770.32,339.68,22.61,0.882,yolo,773.30,337.58,163.22,-150.92,1.44
429,14.2667,774.60,336.70,21.93,0.911,yolo,777.01,334.28,158.75,-146.44,1.44
430,14.3000,778.62,331.62,21.40,0.860,yolo,780.77,330.32,154.77,-144.04,1.44
431,14.3333,780.89,329.33,21.36,0.855,yolo,783.83,327.11,149.33,-139.92,1.44
432,14.3667,787.30,325.85,21.44,0.830,yolo,788.18,323.86,147.70,-136.25,1.44
433,14.4000,788.99,323.13,21.21,0.823,yolo,791.39,320.91,143.25,-132.13,1.44
434,14.4333,794.29,319.20,21.47,0.770,yolo,795.38,317.63,141.23,-129.22,1.44
435,14.4667,796.05,316.30,20.63,0.860,yolo,798.41,314.56,136.87,-126.00,1.44
436,14.5000,799.94,313.89,21.03,0.889,yolo,801.71,311.83,133.60,-122.19,1.44
437,14.5333,801.85,309.90,20.76,0.847,yolo,804.37,308.65,128.94,-119.88,1.44
438,14.5667,806.63,307.51,20.88,0.867,yolo,807.82,305.85,126.75,-116.79,1.44
439,14.6000,809.05,303.69,19.94,0.842,yolo,810.80,302.68,123.52,-114.91,1.44
440,14.6333,812.82,301.39,19.27,0.876,yolo,814.04,299.91,121.26,-112.17,1.44
441,14.6667,814.69,299.14,20.31,0.880,yolo,816.67,297.41,117.60,-108.96,1.44
442,14.7000,818.60,296.24,19.45,0.803,yolo,819.76,294.80,115.45,-106.30,1.44
443,14.7333,821.81,293.77,18.98,0.786,yolo,822.86,292.31,113.51,-103.58,1.44
444,14.7667,824.00,290.88,20.29,0.759,yolo,825.54,289.70,110.65,-101.39,1.44
445,14.8000,827.98,288.53,19.05,0.794,yolo,828.71,287.24,109.30,-99.00,1.44
446,14.8333,830.86,286.75,19.37,0.882,yolo,831.73,285.11,107.69,-95.96,1.44
447,14.8667,833.43,284.14,19.58,0.845,yolo,834.53,282.84,105.65,-93.56,1.44
448,14.9000,835.31,281.05,19.02,0.786,yolo,836.91,280.28,102.68,-92.13,1.44
449,14.9333,837.65,278.92,18.94,0.815,yolo,839.22,277.92,99.79,-90.28,1.44
450,14.9667,840.50,276.67,18.65,0.837,yolo,841.69,275.64,97.58,-88.38,1.44
451,15.0000,843.32,274.07,18.37,0.820,yolo,844.27,273.27,95.82,-86.89,1.44
452,15.0333,845.10,271.64,18.05,0.849,yolo,846.48,270.90,93.27,-85.52,1.44
453,15.0667,847.01,270.18,18.50,0.881,yolo,848.51,268.94,90.49,-83.22,1.44
454,15.1000,850.46,268.00,18.20,0.897,yolo,851.09,266.93,89.34,-81.24,1.44
455,15.1333,853.52,266.26,17.87,0.853,yolo,853.84,265.07,88.76,-79.04,1.44
456,15.1667,854.25,263.89,18.31,0.836,yolo,855.74,263.04,86.01,-77.47,1.44
457,15.2000,855.86,262.05,18.33,0.862,yolo,857.46,261.12,83.04,-75.75,1.44
458,15.2333,858.67,259.94,17.64,0.834,yolo,859.58,259.16,81.36,-74.30,1.44
459,15.2667,860.99,258.73,17.98,0.803,yolo,861.75,257.54,79.96,-72.08,1.44
460,15.3000,862.59,257.01,17.52,0.848,yolo,863.65,255.92,77.99,-70.05,1.44
461,15.3333,864.91,255.01,17.82,0.888,yolo,865.69,254.18,76.53,-68.51,1.44
462,15.3667,867.07,253.65,17.46,0.918,yolo,867.75,252.62,75.26,-66.62,1.44
